DataRate_kbps,CompTime_s
20,0.4865822
30,0.1947196
40,0.276355
50,0.3463638
60,0.3581718
70,0.4019932
80,0.4390623
90,0.5014445
100,0.5490302
