DataRate_kbps,CompTime_s
1,23.5158865
6,19.5231349
11,19.5247823
17,19.4445107
22,19.5789713
27,20.6644198
32,22.6975563
37,23.8774385
43,25.8016854
48,26.9433884
53,28.122217
58,29.6111927
64,32.1060708
69,32.7161423
74,33.1912402
79,32.919743
84,32.7000344
90,33.3844999
95,32.5254118
100,35.3955863
