DataRate_kbps,AvgE2EDelay_s
1,63.2100957689826
6,61.3657357012665
11,50.931261135191
17,57.0091426721193
22,51.2568405830496
27,235.618669706008
32,759.040565761129
37,1088.22227781065
43,1353.95290260635
48,1513.28688773408
53,1636.17310576962
58,1683.0776975983
64,1747.62387960236
69,1813.22935090348
74,2190.02627695261
79,2691.85999128726
84,3062.94863798423
90,3516.3312394486
95,3809.82839695882
100,4099.79583501916
