DataRate_kbps,AvgE2EDelay_s
20,1.63872367564116
30,1.68299884834003
40,1.70508491597662
50,1.76951156775751
60,1.81229383381524
70,1.88880222038123
80,1.90577375192059
90,1.97317013780906
100,2.05232050513879
