DataRate_kbps,Jitter_s
1,190.261070326453
6,173.409973877426
11,152.555241531504
17,189.400250830679
22,158.585373716451
27,514.276420441282
32,1562.65618756346
37,2201.65853521242
43,2784.80101151895
48,3132.71376176448
53,3493.10453715794
58,3677.88475082103
64,3909.88047364852
69,4148.8895288959
74,3838.15622483063
79,3538.66454944392
84,3252.88785953993
90,2997.00135310085
95,2752.62344671577
100,2639.73621293692
