DataRate_kbps,Reliability_ratio
1,0.943622094178422
6,0.942459571267394
11,0.936359323895838
17,0.934886618489908
22,0.931187597210376
27,0.912298946200776
32,0.844852783569438
37,0.792869097732921
43,0.743959384955559
48,0.713349147593973
53,0.681848138210234
58,0.66180478503948
64,0.638851795896486
69,0.617716250452407
74,0.589663445292965
79,0.553963660515205
84,0.521150642551166
90,0.488561660018624
95,0.466459161380327
100,0.44331875
