DataRate_kbps,PacketDeliveryRatio
20,0.98178535
30,0.983809966
40,0.987879684
50,0.990452421
60,0.991919292
70,0.993046056
80,0.994007351
90,0.994742435
100,0.995366218
