DataRate_kbps,Throughput_Mbps
20,0.001392
30,0.001464
40,0.001476
50,0.001446
60,0.001461
70,0.001464
80,0.001443
90,0.001425
100,0.001395
